source,phrase,type
www.linkedin.com,Principal,title
www.linkedin.com,SysMind,company
www.linkedin.com,Averity,title
www.linkedin.com,Vice President,title
www.linkedin.com,Virtusa,company
www.linkedin.com,Energy Jobline,company
www.linkedin.com,SquarePeg,company
www.linkedin.com,TEKsystems,company
www.linkedin.com,Platform Reliability Engineer,title
www.linkedin.com,Platform Engineer,title
www.linkedin.com,Recruitment,company
www.linkedin.com,Consulting,company
www.linkedin.com,The Job Network,company
www.linkedin.com,Front End,title
www.linkedin.com,Recruiting,company
www.linkedin.com,Site Reliability Engineer,title
www.linkedin.com,A Hiring Company,company
www.linkedin.com,ClearanceJobs,company
www.linkedin.com,HirexHire,company
www.linkedin.com,Huxley,company
www.linkedin.com,Matlen Silver,company
www.linkedin.com,Systems Engineer,title
www.linkedin.com,ConsultNet,company
www.linkedin.com,"Principal, Software",title
www.linkedin.com,Crossover,company
www.linkedin.com,Robert Half,company
www.linkedin.com,Offered.ai,company
www.linkedin.com,Actalent,company
www.linkedin.com,Salesforce Developer,title
www.linkedin.com,Frontend,title
www.linkedin.com,Software Architect,title
www.linkedin.com,Solution Engineer,title
www.linkedin.com,Principal Software Engineer,title
www.linkedin.com,Dice,company
www.linkedin.com,Algo Capital Group,company
www.linkedin.com,Underdog.io,company
www.linkedin.com,Wave Welcome,company
www.linkedin.com,Arrow Search Partners,company
www.linkedin.com,Jobot,company
www.linkedin.com,Clevertech,company
www.linkedin.com,Founding,company
www.linkedin.com,CyberCoders,company
www.linkedin.com,Revature,company
www.linkedin.com,Tech Lead,title
www.linkedin.com,Sr. Lead,title
www.linkedin.com,Senior Staff,title
www.linkedin.com,5D Options,company
www.linkedin.com,TekJobs,company
www.linkedin.com,Lead,title
www.linkedin.com,Staff,title
www.linkedin.com,Novusintelli Inc,company
www.linkedin.com,Sartre Group,company
www.linkedin.com,maven,company
www.linkedin.com,Genesis10,company
www.linkedin.com,PF1 Professional Services,company
www.linkedin.com,Goliath Partners,company
www.linkedin.com,DevOps,title
www.linkedin.com,Diaspark Inc,company
www.linkedin.com,Agile Tech Labs,company
www.linkedin.com,Apex Systems,company
www.linkedin.com,Themesoft Inc.,company
www.linkedin.com,Solutions Engineer,company
www.linkedin.com,Devops,title
www.linkedin.com,Front-End,title
www.linkedin.com,ConglomerateIT LLC,company
www.linkedin.com,DataBank,company
www.linkedin.com,Excelon Solutions,company
www.linkedin.com,TEKJOBS,company
www.linkedin.com,Benchmark IT - Technology Talent,company
www.linkedin.com,Orbis,company
www.linkedin.com,Solutions,company
www.linkedin.com,Intern,title
www.linkedin.com,Security Engineer,title
www.linkedin.com,Easy Apply,company
www.linkedin.com,WayUp,company
www.linkedin.com,Careers,company
www.linkedin.com,SRE,title
www.linkedin.com,Site Reliability,title
www.linkedin.com,FinTech LLC,company
www.linkedin.com,Diverse Lynx,company
www.linkedin.com,Cynet Systems,company
www.linkedin.com,W3Global,company
www.linkedin.com,Wise Skulls,company
www.linkedin.com,Intellectt Inc,company
www.linkedin.com,DataAnnotation,company
www.linkedin.com,Shulman Fleming & Partners,company
www.linkedin.com,Firmware,title
www.linkedin.com,Cloud Engineer,title
www.linkedin.com,SimplyApply,company
www.linkedin.com,Job Juncture,company
www.linkedin.com,Talentify.io,company
www.linkedin.com,hackajob,company
www.linkedin.com,ClickJobs.io,company
www.linkedin.com,Horizontal Talent,company
www.linkedin.com,Tata Consultancy Services,company
www.linkedin.com,Braintrust,company
www.google.com,Jobot,company
www.google.com,Robert Half,company
www.google.com,Recruiting from Scratch,company
www.google.com,Fidelity TalentSource LLC,company
www.google.com,Cognizant Technology Solutions,company
